TransactionAmount,TransactionHour,TransactionFrequency,AccountAgeMonths,IsInternational,Fraud
10995.27,8,8,17,0,1
2310.9,18,2,73,0,0
6704.0,17,8,17,1,1
2618.91,21,4,64,0,0
1877.31,11,4,14,0,0
2112.05,1,1,111,0,0
11663.39,3,10,16,1,1
2006.5,13,4,72,0,0
7177.14,6,12,14,0,1
2541.53,23,1,104,0,0
1898.48,15,1,44,0,0
8498.33,0,14,17,1,1
2467.84,6,4,95,0,0
1310.34,12,2,14,0,0
9994.87,2,5,13,1,1
9473.61,3,6,17,1,1
11193.45,21,16,15,0,1
2117.11,8,3,97,0,0
2701.4,6,4,46,0,0
1799.39,17,3,108,0,0
5113.43,19,10,7,1,1
4637.13,6,15,1,1,1
6116.32,4,12,21,0,1
6995.45,23,7,2,1,1
2231.05,1,3,55,0,0
1865.3,22,3,92,0,0
788.06,23,1,65,0,0
11648.94,4,6,20,1,1
2343.13,7,4,34,0,0
1770.32,12,4,119,0,0
3081.63,7,4,94,0,0
4950.32,12,19,10,0,1
1401.9,14,1,111,1,0
9879.47,17,15,22,1,1
2128.78,11,4,104,0,0
1982.66,22,1,21,0,0
1533.23,2,14,6,0,1
2220.01,19,3,112,0,0
10251.34,0,12,1,1,1
6037.4,6,6,2,1,1
7923.79,5,9,20,1,1
2782.32,11,3,75,0,0
6918.77,4,12,23,1,1
6467.56,2,10,9,0,1
9092.75,16,10,17,1,1
1105.67,18,17,22,1,1
10647.94,20,16,10,1,1
2378.75,13,1,86,1,0
5513.22,0,6,21,1,1
6690.92,13,9,14,0,1
6132.04,11,11,7,1,1
9195.33,22,10,2,1,1
2369.23,22,1,23,1,0
2111.07,14,4,73,0,0
6851.55,3,7,22,1,1
7602.3,1,7,9,1,1
1006.22,8,4,93,0,0
2161.36,13,3,20,0,0
6306.82,19,6,6,1,1
1649.94,19,2,54,1,0
7118.79,2,12,12,1,1
9528.61,3,12,21,1,1
1470.39,20,1,107,0,0
12341.03,15,12,6,1,1
3046.19,11,3,79,0,0
5504.36,9,12,11,0,1
2241.24,2,1,45,0,0
7539.54,17,5,19,1,1
2049.67,15,3,88,0,0
8829.49,23,14,20,1,1
2038.68,21,2,115,0,0
2355.81,4,1,25,0,0
13649.25,17,13,16,1,1
2229.59,14,1,96,1,0
2307.97,21,4,102,0,0
1962.78,16,4,65,0,0
2486.28,12,4,64,0,0
2354.5,19,1,73,0,0
2188.65,20,1,22,1,0
1764.03,4,4,73,1,0
1970.24,12,2,104,1,0
2371.63,19,3,30,0,0
1562.19,22,3,61,0,0
6904.71,21,18,3,1,1
2045.88,18,1,102,0,0
2259.67,2,3,49,1,0
1595.75,1,4,18,0,0
1659.01,15,1,68,0,0
1332.33,20,1,68,0,0
1339.77,9,2,16,0,0
5289.92,14,11,4,0,1
1720.54,9,4,31,0,0
7177.47,15,8,22,1,1
5833.8,18,15,11,1,1
1296.67,10,2,48,0,0
2157.12,19,4,110,0,0
5839.31,18,17,10,1,1
3165.6,14,13,9,1,1
6739.66,15,17,1,1,1
2354.18,18,3,89,0,0
1545.99,14,4,93,1,0
1237.24,19,3,108,0,0
7311.03,8,18,17,1,1
2311.42,9,4,35,1,0
10846.12,1,6,23,0,1
1464.55,22,3,28,0,0
1355.02,17,3,97,0,0
9912.02,5,5,9,0,1
5379.29,17,17,19,0,1
6891.7,0,15,13,0,1
1722.26,6,1,99,0,0
10729.43,12,15,13,1,1
5618.19,12,16,9,0,1
5705.16,8,11,10,1,1
7869.0,10,10,4,1,1
6338.94,3,14,1,1,1
9224.91,13,16,17,1,1
1438.64,20,4,112,0,0
2412.71,7,3,34,0,0
9514.14,5,6,6,0,1
1377.13,9,3,42,0,0
5217.46,16,17,2,0,1
1764.48,10,4,89,0,0
7727.22,6,6,17,1,1
2014.37,7,3,70,0,0
8325.56,6,6,11,1,1
1497.93,7,1,22,0,0
690.13,19,2,92,0,0
8533.75,4,18,2,1,1
2594.51,11,2,115,0,0
10289.78,19,11,17,0,1
7895.06,6,8,20,1,1
1339.88,9,4,68,0,0
6226.65,18,13,23,1,1
1930.87,11,3,32,0,0
8030.25,7,11,6,0,1
1576.6,0,2,77,0,0
7159.69,7,14,9,1,1
2337.41,19,2,32,0,0
7576.33,17,13,11,1,1
1776.91,19,4,44,1,0
11341.08,20,6,10,1,1
7762.81,10,15,7,1,1
1679.45,22,9,10,0,1
1753.5,6,1,62,0,0
9456.65,0,19,22,1,1
10090.96,9,11,20,1,1
11348.83,6,6,5,1,1
1504.73,5,1,105,0,0
2066.48,8,1,91,0,0
9750.33,20,11,15,1,1
11582.48,19,12,18,0,1
9396.04,3,6,22,1,1
6691.27,13,18,9,1,1
9892.88,17,16,11,1,1
6899.52,19,13,7,0,1
2086.59,19,2,45,0,0
1911.53,10,4,95,0,0
8386.8,14,6,6,0,1
1964.13,19,11,17,1,1
10168.05,11,6,11,1,1
1589.66,11,1,106,0,0
2795.22,1,7,10,1,1
8183.68,16,12,10,1,1
2103.84,18,1,62,0,0
900.6,20,2,68,0,0
5102.64,17,15,12,1,1
3784.25,16,16,9,0,1
2796.59,12,2,19,1,0
2549.39,20,4,58,1,0
1748.26,2,2,30,0,0
9352.33,22,10,20,1,1
2938.4,13,3,66,0,0
11377.08,1,7,20,0,1
2428.2,13,3,24,0,0
4392.75,9,8,19,1,1
2056.76,18,3,76,0,0
1568.0,7,4,101,0,0
2139.98,3,1,40,0,0
10772.59,9,16,7,1,1
2579.66,1,1,95,0,0
10359.81,22,16,17,0,1
1585.5,5,4,28,1,0
1571.42,0,2,51,0,0
2579.3,4,4,41,0,0
1727.54,3,1,52,0,0
1982.09,3,3,86,0,0
1968.66,17,4,36,1,0
2023.49,9,4,48,0,0
11346.4,21,11,4,1,1
5757.87,17,16,15,1,1
2387.32,8,1,68,1,0
12271.89,13,14,15,1,1
1880.53,12,3,37,0,0
12922.19,20,13,9,1,1
1920.03,13,2,24,0,0
1898.9,8,2,66,0,0
15287.85,18,13,17,1,1
11416.73,8,13,15,1,1
2877.67,9,3,54,0,0
9908.47,18,8,12,1,1
2057.11,10,4,22,1,0
6438.49,14,14,11,0,1
2423.82,2,6,21,1,1
6726.22,13,14,22,0,1
1924.11,6,2,55,0,0
1983.65,10,4,58,0,0
1839.31,10,3,59,0,0
12334.14,19,13,1,1,1
2010.5,5,3,118,0,0
1854.15,13,2,28,0,0
1765.26,5,3,74,0,0
3266.89,7,6,4,0,1
7965.96,11,18,21,1,1
2360.84,4,3,105,1,0
5568.85,2,11,15,1,1
6291.05,21,10,18,1,1
4909.53,11,18,13,0,1
1512.06,7,2,35,0,0
1505.2,1,1,107,1,0
2188.61,21,4,106,0,0
1993.25,21,1,30,0,0
8111.93,3,12,14,1,1
1820.35,4,1,107,0,0
10322.37,7,5,18,1,1
1699.15,10,4,112,0,0
1659.99,19,1,46,0,0
8160.57,3,5,7,0,1
2726.69,20,3,53,0,0
1963.59,4,1,71,0,0
1904.83,1,2,95,0,0
11180.44,20,12,13,1,1
4966.87,2,14,4,1,1
5538.63,7,15,8,1,1
2449.8,16,3,67,0,0
2579.06,10,1,105,0,0
6405.91,8,6,21,1,1
5540.4,14,11,21,0,1
2664.58,3,2,70,0,0
12425.48,0,11,7,1,1
1459.23,7,3,98,0,0
2814.31,15,4,87,1,0
2075.2,21,4,65,0,0
963.3,16,2,45,0,0
1643.58,15,4,24,0,0
1686.52,12,2,98,0,0
9294.36,6,12,5,0,1
2385.43,4,4,119,0,0
4401.87,18,13,19,1,1
11393.69,12,5,11,1,1
2793.01,10,3,30,0,0
2033.76,15,2,30,0,0
11762.94,23,5,10,1,1
4995.92,21,12,23,1,1
8078.38,19,16,20,1,1
2545.75,6,3,65,0,0
1882.93,2,4,79,0,0
5388.83,19,15,8,1,1
1622.31,7,1,26,0,0
6885.59,8,8,1,0,1
2305.84,18,3,28,0,0
5555.63,16,5,18,1,1
2775.25,7,3,28,0,0
14655.03,13,13,10,0,1
9448.08,15,10,20,1,1
1989.55,13,2,40,0,0
6103.82,6,11,15,1,1
6750.04,10,17,12,1,1
10164.59,2,18,15,0,1
2826.49,17,12,12,0,1
2411.59,13,4,97,0,0
1836.17,21,1,107,0,0
8193.86,10,17,4,0,1
7892.63,22,18,1,0,1
2503.15,20,2,116,0,0
8427.51,9,10,7,1,1
9231.29,16,8,9,1,1
1699.68,9,1,16,0,0
12710.39,1,19,8,1,1
1459.47,4,2,79,0,0
2098.28,8,1,58,0,0
2316.47,20,4,34,0,0
2178.51,18,1,60,0,0
13920.23,18,11,9,0,1
3808.79,1,16,16,1,1
1776.74,18,2,101,0,0
2691.08,6,1,89,0,0
2406.43,2,3,62,0,0
8625.51,3,6,18,0,1
1718.14,15,1,39,0,0
6495.9,8,18,5,0,1
2184.34,9,3,15,0,0
9036.84,13,17,6,0,1
1603.56,8,3,68,0,0
3095.23,6,3,68,0,0
2882.73,15,2,23,0,0
13910.78,15,7,23,1,1
2529.21,2,3,95,1,0
3673.82,14,8,15,1,1
1734.57,22,2,92,0,0
10548.86,6,13,23,1,1
11018.91,8,14,10,1,1
7955.19,11,11,10,1,1
1110.64,9,4,37,0,0
10469.58,12,17,5,1,1
10191.09,11,9,8,1,1
9452.77,20,11,6,0,1
10636.65,5,17,3,0,1
7109.31,5,16,19,1,1
1820.59,10,19,8,0,1
2180.7,19,4,26,0,0
2029.1,10,2,98,1,0
1459.47,20,2,64,1,0
6702.2,7,19,16,0,1
3724.51,21,12,8,1,1
8269.57,7,9,17,1,1
2171.81,18,1,31,1,0
12151.94,11,14,12,1,1
5027.91,16,14,18,1,1
7523.77,11,11,16,1,1
554.04,14,5,16,1,1
1394.49,19,1,65,0,0
7908.84,11,13,13,1,1
2526.9,14,2,114,0,0
8115.78,5,17,18,1,1
16033.93,17,17,10,0,1
11316.9,12,11,16,1,1
1335.91,18,1,56,0,0
11262.07,8,7,23,1,1
11173.61,1,15,1,1,1
11849.42,18,13,17,1,1
3303.13,9,5,11,0,1
2678.12,6,4,86,0,0
1943.74,0,16,13,1,1
2410.24,2,1,94,0,0
11205.56,16,15,13,1,1
1172.57,12,3,99,1,0
2638.84,23,2,36,0,0
6833.77,21,13,20,1,1
1668.69,11,1,79,0,0
1703.8,19,1,70,0,0
2788.73,10,4,91,0,0
1718.77,10,1,80,0,0
5228.64,12,19,9,0,1
6186.01,4,6,1,0,1
2312.06,22,4,32,0,0
3316.19,16,1,74,1,0
8679.78,21,5,17,1,1
2116.02,18,1,110,1,0
10363.7,18,18,19,0,1
4215.74,13,18,11,0,1
8110.44,22,17,2,1,1
4717.65,15,11,20,1,1
6327.94,17,19,21,1,1
2092.32,21,4,48,0,0
1169.52,6,2,95,0,0
8502.55,9,19,23,1,1
2524.5,4,1,98,0,0
2049.83,1,4,46,0,0
1882.71,20,2,70,0,0
1555.24,14,1,71,0,0
2533.34,18,4,46,1,0
6206.72,0,9,15,1,1
7775.13,15,19,4,1,1
2586.46,23,8,16,1,1
11090.72,23,14,9,1,1
4990.36,2,5,9,1,1
10068.21,12,14,5,1,1
10284.27,18,10,14,1,1
1552.7,16,2,38,0,0
2153.9,20,3,110,0,0
6644.09,14,13,22,0,1
5272.22,19,9,19,0,1
2281.48,2,3,33,0,0
10265.36,14,12,15,1,1
1888.27,5,1,117,0,0
1625.76,3,3,113,0,0
8323.11,22,12,17,1,1
4651.41,19,10,19,1,1
522.93,23,15,22,0,1
1768.86,7,1,69,0,0
5410.9,17,7,11,1,1
1862.47,4,2,98,0,0
9254.08,4,15,12,1,1
2653.57,9,4,12,0,0
8180.41,0,19,2,0,1
8960.83,14,7,1,0,1
2340.95,12,1,26,0,0
9413.43,18,11,12,0,1
9897.33,23,6,15,0,1
2594.2,14,4,75,0,0
1757.32,17,2,97,0,0
5405.83,9,15,11,1,1
7616.08,20,18,20,1,1
1616.1,17,2,107,1,0
-253.04,11,11,4,1,1
8160.25,11,16,15,1,1
2024.04,12,2,76,1,0
2048.54,9,4,92,0,0
7483.51,7,6,20,1,1
2173.79,2,2,82,0,0
2377.7,15,1,56,0,0
15513.85,18,12,20,1,1
1587.25,22,2,112,1,0
1242.13,13,3,68,0,0
7470.93,17,17,16,1,1
7411.44,11,11,10,1,1
8140.7,1,5,4,1,1
5633.49,15,7,6,1,1
6711.18,2,10,4,1,1
2248.36,22,2,119,0,0
7064.29,4,10,14,0,1
2684.32,4,1,101,0,0
7521.15,17,17,3,1,1
1722.4,13,3,34,0,0
2761.56,2,4,16,0,0
13804.04,10,10,2,0,1
1786.56,12,1,70,1,0
1782.75,8,1,61,0,0
2006.96,18,3,59,0,0
1699.89,12,3,40,0,0
2264.9,17,1,95,0,0
5776.42,12,6,6,1,1
8194.08,16,11,17,1,1
1737.12,19,2,115,0,0
5331.65,19,12,7,1,1
9839.18,8,5,18,0,1
10765.11,1,18,1,1,1
1242.4,3,4,83,0,0
5685.36,4,19,5,1,1
1584.52,11,2,82,0,0
6349.6,17,9,23,0,1
11938.71,13,8,7,1,1
15054.81,4,17,17,1,1
1482.38,10,2,27,0,0
1347.77,13,3,45,0,0
1516.51,16,2,98,0,0
1963.99,11,1,44,0,0
2339.8,0,3,65,0,0
4824.17,4,15,17,1,1
9971.18,8,9,4,1,1
2192.03,6,4,70,0,0
5887.02,12,17,18,1,1
1980.22,7,3,87,0,0
6183.96,20,18,19,1,1
9258.98,3,15,12,1,1
10388.28,0,6,23,0,1
3136.64,2,19,3,1,1
987.43,16,4,64,0,0
3231.62,4,1,21,0,0
2171.36,6,1,16,0,0
1780.13,3,1,89,0,0
7061.85,1,17,20,0,1
5537.33,15,5,3,1,1
7106.61,2,8,19,1,1
2761.51,7,1,22,0,0
1079.56,8,4,52,0,0
1389.58,11,2,109,0,0
8600.72,2,6,9,1,1
2271.28,8,1,35,0,0
8115.52,20,16,15,1,1
12044.44,5,9,10,1,1
7266.67,15,5,6,1,1
8188.03,1,5,5,0,1
1872.51,0,2,21,0,0
12122.06,8,12,21,0,1
1640.78,20,3,82,1,0
11356.48,21,19,2,1,1
12020.85,5,10,6,1,1
2033.76,18,3,35,0,0
2250.46,9,3,94,0,0
1238.41,21,2,100,0,0
14343.0,11,7,19,0,1
2528.56,22,3,67,0,0
2468.26,0,8,7,1,1
8124.11,11,10,13,0,1
2465.64,4,2,37,0,0
1990.74,20,2,13,0,0
4907.93,10,12,1,0,1
10043.56,5,17,19,1,1
1859.45,3,2,101,0,0
938.05,3,2,39,0,0
10597.78,23,7,2,1,1
12112.7,3,8,15,0,1
4150.56,6,8,22,1,1
2111.89,19,4,58,1,0
1118.48,11,3,52,0,0
5055.06,22,15,8,1,1
11585.66,16,8,22,1,1
10373.63,6,19,7,1,1
9449.19,19,15,12,1,1
7641.69,22,18,20,1,1
11325.37,12,6,15,0,1
8450.67,2,17,10,1,1
1716.85,16,1,58,0,0
2059.55,23,19,14,1,1
5025.02,23,19,6,0,1
2037.98,7,14,17,0,1
2228.38,20,3,68,0,0
1376.11,8,3,97,0,0
2109.58,9,4,80,1,0
2099.04,2,2,33,0,0
2560.3,9,8,6,1,1
2612.19,15,19,20,0,1
9666.73,20,11,17,1,1
8934.34,17,16,11,0,1
6542.41,0,16,10,0,1
2834.51,1,4,48,0,0
4263.44,15,10,5,0,1
1248.43,18,4,47,0,0
2738.95,1,2,58,0,0
1020.16,12,3,65,0,0
-323.61,0,12,13,0,1
4810.06,6,16,4,1,1
7919.93,18,6,7,0,1
5626.56,22,15,8,0,1
8871.63,11,5,1,1,1
8101.18,17,7,15,0,1
2034.9,8,2,39,0,0
10748.15,17,10,20,0,1
4127.63,17,10,9,0,1
6650.97,21,12,8,1,1
1569.36,11,2,20,0,0
6297.49,2,13,20,0,1
8587.77,20,11,7,1,1
2325.7,15,4,30,1,0
2411.27,22,1,102,0,0
8405.22,12,16,18,1,1
4469.89,2,18,1,1,1
2547.1,1,1,76,0,0
2848.23,17,1,28,0,0
1595.85,9,1,119,0,0
1760.63,17,3,112,1,0
2485.79,22,4,111,0,0
849.04,0,4,100,0,0
2521.86,13,12,5,1,1
1642.82,11,1,115,0,0
2898.84,22,1,73,0,0
1327.77,14,2,20,0,0
11245.48,2,12,5,1,1
11767.92,23,19,13,1,1
2124.69,1,2,38,0,0
2416.96,19,3,49,0,0
3818.62,7,18,5,1,1
6557.13,15,13,14,1,1
764.18,6,4,116,0,0
2627.88,2,4,36,0,0
7822.84,5,13,4,1,1
2440.82,7,2,101,0,0
2343.03,16,4,76,0,0
7636.76,23,9,7,1,1
1895.94,11,4,26,0,0
3463.17,16,15,15,1,1
4925.58,0,18,13,0,1
2294.16,20,4,79,0,0
1990.49,3,4,111,0,0
5497.06,21,16,23,1,1
2584.65,22,3,115,0,0
7018.84,18,15,4,1,1
3371.56,12,15,4,1,1
9687.03,10,5,10,1,1
6094.13,12,17,14,1,1
7672.3,21,7,20,0,1
2392.9,18,1,98,0,0
3569.16,13,15,2,1,1
2053.22,15,2,56,0,0
7847.87,2,17,14,0,1
1196.26,2,3,26,1,0
2906.22,7,4,64,0,0
12659.12,6,13,20,1,1
2037.05,21,1,69,0,0
7883.86,11,5,6,0,1
1673.34,18,3,93,0,0
9666.77,5,13,6,1,1
3263.47,18,3,76,0,0
13966.3,16,10,1,1,1
9751.86,9,9,3,0,1
1769.68,20,1,92,0,0
1974.88,4,2,68,0,0
1735.12,5,3,83,0,0
2325.1,4,2,62,0,0
6675.18,3,9,20,0,1
10522.52,3,6,14,1,1
2316.2,0,3,106,1,0
7974.3,15,13,1,1,1
5769.02,5,18,2,1,1
6752.94,6,11,13,0,1
7996.56,12,12,3,0,1
2107.05,11,1,67,0,0
1711.61,22,4,21,0,0
2774.97,23,3,18,1,0
2093.3,6,2,75,1,0
11321.19,23,19,20,1,1
10049.57,2,5,5,0,1
11912.27,10,19,14,0,1
5719.46,21,8,15,1,1
8535.95,9,12,12,1,1
12750.13,17,18,14,1,1
1208.05,1,1,18,0,0
1296.24,19,1,100,0,0
11796.1,21,6,9,1,1
8330.1,9,7,14,1,1
8789.61,5,12,23,0,1
9932.57,22,5,6,1,1
2406.26,0,2,113,0,0
7072.54,1,17,2,1,1
2943.09,22,4,107,1,0
7611.41,18,10,6,1,1
1943.84,9,3,62,0,0
9687.1,20,12,9,1,1
4059.88,11,17,19,1,1
2329.27,21,4,81,0,0
6260.08,9,14,22,1,1
1531.09,17,1,50,0,0
4680.14,22,18,9,1,1
1982.51,4,2,68,0,0
1870.2,22,2,85,0,0
5605.43,10,15,18,1,1
4220.06,16,5,17,0,1
2027.86,20,4,105,0,0
9825.1,6,14,12,1,1
1755.28,23,4,78,0,0
6129.27,3,18,1,0,1
6656.61,11,11,5,0,1
2923.35,21,3,111,1,0
4315.03,8,8,20,1,1
10895.4,14,15,21,0,1
8942.09,4,12,11,1,1
1374.44,9,1,12,0,0
2284.88,9,3,39,0,0
12345.05,4,10,5,1,1
1642.35,1,4,83,0,0
2334.84,12,2,48,0,0
6823.04,8,16,11,1,1
8144.84,12,8,13,1,1
2173.22,4,2,47,0,0
4893.13,0,16,18,0,1
3143.58,15,10,13,0,1
1388.94,21,4,102,0,0
2280.39,6,2,38,1,0
6475.22,6,15,20,1,1
11552.63,9,19,16,1,1
1700.31,8,2,57,0,0
11715.09,6,19,1,0,1
6438.85,6,19,1,0,1
2567.61,17,16,23,1,1
5719.48,21,11,10,0,1
2116.13,7,1,77,0,0
9565.43,1,16,23,1,1
2291.96,10,4,43,0,0
2170.58,11,1,107,0,0
9522.02,5,12,10,0,1
5352.62,9,11,19,1,1
6696.56,15,8,23,0,1
6722.63,16,10,7,1,1
8559.46,3,18,9,0,1
1916.44,14,4,44,0,0
2623.04,7,4,38,0,0
966.28,9,4,105,0,0
6851.67,18,18,7,0,1
3729.29,8,5,21,1,1
2816.21,10,4,49,0,0
1311.17,10,1,64,0,0
2026.03,18,19,12,1,1
9233.55,11,17,7,1,1
8217.09,13,9,1,0,1
4738.78,15,13,16,1,1
10352.9,18,12,5,1,1
1144.92,3,3,87,0,0
6405.01,22,16,4,1,1
980.94,19,4,57,1,0
8199.55,1,7,15,1,1
3878.0,1,18,11,0,1
6089.42,20,9,4,1,1
13388.97,9,9,14,1,1
13607.81,10,19,19,0,1
2672.71,5,3,117,0,0
9323.81,23,13,10,1,1
9293.36,20,19,2,1,1
6711.6,23,19,14,1,1
2358.77,20,1,115,0,0
11026.71,7,6,1,1,1
1723.89,12,2,12,1,0
1921.0,3,4,92,0,0
8493.82,4,9,12,0,1
1392.91,14,4,36,0,0
2117.81,21,3,118,0,0
7448.46,16,13,11,1,1
11058.78,5,19,9,1,1
2877.4,20,2,16,0,0
8031.93,22,11,10,0,1
1983.62,18,1,78,0,0
6917.94,5,19,12,0,1
11835.87,4,13,20,0,1
3241.7,7,13,2,1,1
2083.23,18,2,76,0,0
2375.97,14,4,77,0,0
13905.43,9,13,9,0,1
2477.57,2,3,44,0,0
10842.09,19,11,18,1,1
1369.56,20,4,89,0,0
1906.56,3,3,62,0,0
2558.65,7,4,108,0,0
1937.11,7,2,111,0,0
2526.58,21,3,103,0,0
5050.63,7,19,23,0,1
1538.38,22,3,12,0,0
5577.67,21,11,12,1,1
2915.73,14,1,60,0,0
2099.53,17,1,75,0,0
1987.94,8,2,102,0,0
1299.07,19,2,67,0,0
2989.98,15,7,19,1,1
2321.36,13,4,80,0,0
6500.97,10,11,19,1,1
2737.68,18,2,93,0,0
1955.44,8,3,116,0,0
9198.95,2,13,12,1,1
1415.66,8,1,91,0,0
5741.73,17,8,15,1,1
2475.21,0,3,32,0,0
10350.75,16,6,5,1,1
1221.69,20,2,86,0,0
9271.02,2,11,19,1,1
1613.5,3,4,45,0,0
1600.85,21,4,63,0,0
1855.67,19,2,27,0,0
5417.3,9,11,5,0,1
2436.16,6,1,14,0,0
8095.9,15,17,16,1,1
9208.17,5,9,10,1,1
2144.58,16,2,100,0,0
2125.25,0,4,12,0,0
1284.93,3,4,92,0,0
980.38,0,3,58,0,0
6873.87,14,12,19,1,1
5634.16,10,13,17,0,1
6968.07,9,16,5,1,1
1517.54,14,1,113,0,0
5701.42,21,11,18,0,1
1232.94,17,4,46,1,0
5252.31,20,14,6,1,1
2257.52,5,4,116,0,0
1688.65,0,4,93,0,0
8158.33,7,5,4,1,1
4429.4,6,16,9,1,1
7873.43,15,7,4,1,1
2536.82,15,4,30,0,0
2088.85,19,4,112,0,0
1271.13,17,9,15,1,1
4824.44,15,10,19,0,1
8587.02,9,5,22,1,1
7461.18,6,14,14,1,1
1955.13,16,1,61,0,0
5567.45,14,6,20,1,1
1661.54,17,2,81,0,0
2327.18,21,1,15,0,0
7052.65,15,17,13,1,1
7778.46,12,9,22,1,1
7877.18,5,7,13,1,1
7916.85,19,9,20,0,1
6059.16,14,11,12,1,1
1964.92,18,3,72,0,0
2990.6,23,17,15,1,1
1153.77,3,3,54,0,0
11248.89,16,12,16,0,1
9552.27,2,16,22,1,1
5086.71,5,16,6,1,1
2526.82,21,1,38,0,0
2296.55,5,3,93,0,0
1838.97,12,4,76,0,0
2773.75,7,4,92,0,0
1471.14,11,4,75,0,0
1876.24,23,3,71,0,0
1498.74,15,4,42,0,0
2133.53,17,4,27,0,0
1734.75,3,2,19,0,0
9539.7,20,12,13,1,1
1873.72,12,2,107,0,0
7279.32,10,9,11,1,1
11996.57,6,19,19,0,1
2005.12,18,3,17,0,0
8863.96,20,14,1,1,1
7463.67,21,16,3,0,1
2236.3,16,4,117,0,0
14921.06,0,9,9,1,1
1765.41,22,4,21,0,0
8194.28,18,11,9,1,1
1890.16,3,2,103,0,0
807.5,18,7,17,1,1
2751.7,23,3,31,0,0
1694.24,20,1,110,0,0
2202.03,15,2,91,1,0
13516.31,2,9,16,1,1
8657.93,10,11,11,1,1
1636.43,2,3,68,1,0
2286.64,14,18,15,1,1
2092.42,16,2,47,1,0
5167.41,17,6,7,1,1
6003.64,19,13,13,1,1
2726.77,1,3,94,1,0
2105.51,4,1,33,0,0
6804.99,19,18,10,1,1
1986.74,1,3,78,0,0
12459.99,6,14,14,1,1
1907.17,2,4,81,0,0
2023.22,4,3,17,0,0
2350.15,23,2,104,0,0
13080.7,6,6,17,1,1
2491.35,16,3,26,0,0
718.39,4,15,22,0,1
4316.79,20,18,7,1,1
2085.68,13,2,32,0,0
7785.39,21,18,9,1,1
10288.01,15,8,10,1,1
1998.2,18,2,65,0,0
1875.48,7,1,70,0,0
6595.81,0,19,3,0,1
2002.62,14,2,24,0,0
2162.04,17,1,57,1,0
2348.1,1,4,96,0,0
8408.52,20,9,20,1,1
2721.88,20,1,28,1,0
1962.78,13,4,97,0,0
1893.28,12,1,116,0,0
1511.22,22,2,22,1,0
5103.92,19,17,10,1,1
2252.02,21,4,69,0,0
1779.98,1,1,98,0,0
5063.57,6,19,23,1,1
2518.77,6,4,75,0,0
1064.6,3,1,106,0,0
2129.94,13,3,24,0,0
2075.15,20,1,67,0,0
5164.24,2,16,12,1,1
1512.66,4,2,89,0,0
12947.2,3,11,1,1,1
10634.59,23,16,9,1,1
2652.74,1,3,32,0,0
9104.49,11,5,11,1,1
8338.84,23,6,1,0,1
1481.38,5,4,107,0,0
3933.41,7,8,5,0,1
1493.58,17,4,28,0,0
1792.36,14,4,88,0,0
5035.51,5,8,3,1,1
10350.46,14,10,12,1,1
4969.86,12,17,13,1,1
2048.84,12,1,56,0,0
1760.41,18,1,107,1,0
-2018.5,5,5,18,1,1
2035.78,13,3,79,0,0
12493.33,19,13,7,1,1
10010.63,22,14,6,0,1
8869.86,2,11,22,1,1
1143.43,21,2,64,0,0
2948.4,23,1,83,0,0
2557.92,13,11,13,1,1
1604.76,2,3,45,0,0
1681.31,16,1,77,0,0
7341.56,5,9,21,1,1
16762.26,7,16,21,1,1
7722.98,19,12,13,0,1
6794.04,2,5,2,1,1
8918.36,4,18,3,1,1
6882.29,4,7,5,0,1
894.43,14,3,55,0,0
1819.52,22,2,104,0,0
9875.45,9,16,23,0,1
776.4,17,5,12,1,1
2444.82,9,2,33,0,0
8644.69,16,8,9,1,1
7192.99,12,9,3,1,1
2751.18,16,4,103,0,0
5784.1,13,19,22,1,1
9821.77,23,12,18,0,1
6070.03,22,17,19,1,1
7828.71,19,15,10,1,1
10931.95,1,12,14,1,1
10610.75,12,13,11,1,1
1971.53,22,3,32,0,0
6597.33,2,9,19,1,1
1613.59,22,1,68,0,0
12383.85,20,13,16,1,1
2639.23,0,3,40,0,0
5214.88,14,16,8,0,1
1437.68,3,3,21,0,0
2245.96,12,4,24,0,0
8330.96,0,6,8,1,1
8346.79,6,11,8,1,1
2458.93,15,2,45,0,0
3131.2,11,7,15,1,1
10419.75,9,13,15,0,1
8019.39,2,18,13,0,1
4705.73,4,11,22,1,1
1169.24,21,4,113,0,0
8644.42,9,10,23,0,1
2704.67,7,1,83,0,0
2048.5,15,1,119,0,0
11582.29,16,7,1,1,1
10108.08,23,10,3,1,1
2782.76,11,3,79,0,0
8321.95,6,11,7,1,1
10224.92,8,9,22,0,1
2148.49,8,4,84,0,0
2420.2,1,16,16,0,1
2269.46,21,1,67,0,0
1570.82,22,3,109,0,0
5415.79,9,15,8,0,1
6508.21,23,5,16,1,1
6840.63,15,12,23,1,1
1499.19,12,3,19,0,0
2116.02,9,12,9,1,1
13649.83,0,6,9,0,1
4102.41,20,17,4,1,1
2178.89,17,2,66,0,0
3094.9,16,1,81,0,0
2514.58,12,1,34,0,0
4974.01,23,12,1,1,1
1951.97,11,1,15,0,0
4726.61,5,18,2,1,1
10105.63,17,19,21,0,1
2222.13,4,1,56,0,0
2205.87,13,14,17,0,1
7429.53,10,10,12,1,1
1464.96,3,1,83,0,0
12696.12,2,5,19,1,1
1673.69,22,4,79,0,0
2571.88,9,2,92,1,0
3706.94,10,17,5,1,1
979.13,3,2,85,1,0
7750.49,8,8,23,1,1
379.37,8,1,37,0,0
1806.15,22,1,104,0,0
6891.41,4,9,23,1,1
1879.38,2,1,16,0,0
2101.46,7,3,50,0,0
1859.11,9,3,45,0,0
5142.69,18,10,17,1,1
1740.86,3,2,15,0,0
1756.44,22,1,28,0,0
8643.63,0,14,13,0,1
6753.47,1,8,3,1,1
2155.45,21,1,24,0,0
16053.04,21,7,15,1,1
1510.62,8,4,73,1,0
11681.46,2,16,15,1,1
1148.31,14,2,64,1,0
1961.45,5,1,56,0,0
7874.79,16,16,10,1,1
8249.57,21,11,7,1,1
1887.11,19,3,35,0,0
1120.63,11,2,39,0,0
1196.78,16,1,109,1,0
1777.25,12,3,42,0,0
1907.55,23,3,37,0,0
1461.13,14,3,111,1,0
1650.14,3,3,18,0,0
2316.96,17,1,39,1,0
7014.55,10,9,21,1,1
8523.13,22,5,4,1,1
2064.61,13,4,28,0,0
9018.31,15,8,13,1,1
7609.08,11,15,9,1,1
1214.89,23,1,52,0,0
2368.33,12,9,6,0,1
3173.69,11,15,11,1,1
4811.27,0,11,14,1,1
2058.66,13,4,44,0,0
11441.34,1,17,23,0,1
2424.8,20,1,94,0,0
8459.07,7,14,18,1,1
7875.17,7,13,21,1,1
2544.48,14,3,85,0,0
1828.64,2,3,58,0,0
5986.57,1,15,6,1,1
2113.73,10,4,48,0,0
9301.97,8,9,13,1,1
1996.01,17,4,15,0,0
6166.03,3,10,7,1,1
13195.7,17,15,3,1,1
9880.5,16,12,18,0,1
6890.91,19,7,13,1,1
1446.74,14,1,77,0,0
2457.7,1,4,59,0,0
7786.72,14,5,2,1,1
2121.9,22,4,67,0,0
12124.4,5,12,14,1,1
5951.65,19,15,9,0,1
1282.07,3,3,19,0,0
1727.81,5,2,114,0,0
3925.01,5,7,2,1,1
2789.79,15,1,85,0,0
9680.05,0,14,2,1,1
10580.79,5,19,3,1,1
1324.16,1,4,78,1,0
2519.21,1,8,15,1,1
8224.27,14,14,8,1,1
13314.17,11,18,3,1,1
1603.74,16,2,41,0,0
11035.54,19,19,16,1,1
2559.79,6,3,40,0,0
2163.46,2,1,17,0,0
1730.12,8,3,37,0,0
7897.66,14,19,15,0,1
9367.06,2,8,23,0,1
7048.13,19,9,13,0,1
1598.86,7,3,72,0,0
8688.92,9,17,1,1,1
1637.13,9,1,102,0,0
8465.9,23,15,9,1,1
11699.64,4,17,6,1,1
10704.65,19,10,17,0,1
1586.38,14,3,84,0,0
3149.45,1,2,27,1,0
1646.17,8,4,60,0,0
7928.07,14,8,3,1,1
2331.07,12,1,118,0,0
2320.42,16,1,40,0,0
9682.68,4,9,14,1,1
3606.19,1,15,9,1,1
1972.85,1,4,53,0,0
3066.52,23,4,38,0,0
1435.15,21,1,16,0,0
1850.5,16,4,89,0,0
9370.9,22,5,9,1,1
10200.94,10,19,14,1,1
1575.08,2,2,81,0,0
2732.82,10,3,97,0,0
4059.53,6,6,7,1,1
2246.23,13,3,74,0,0
7636.02,3,14,5,1,1
10719.7,12,15,10,0,1
2522.08,11,4,101,0,0
5869.44,9,19,5,0,1
2720.78,7,4,63,0,0
7548.08,8,13,18,1,1
4879.25,1,15,9,1,1
6013.76,8,16,3,1,1
2192.66,20,1,50,0,0
3078.62,4,7,17,1,1
1818.58,21,4,70,1,0
6875.11,19,6,23,1,1
1711.55,11,2,118,0,0
1360.21,0,1,30,1,0
1616.33,12,3,29,0,0
1794.06,22,1,32,0,0
1718.86,7,2,62,0,0
2148.06,12,4,74,0,0
2469.14,15,2,80,0,0
2766.37,7,4,86,0,0
2030.12,22,2,65,0,0
9002.36,19,11,19,1,1
5782.0,12,5,16,0,1
1613.11,19,1,113,0,0
5303.7,6,18,6,1,1
1669.11,14,3,90,0,0
1981.18,2,1,79,0,0
10694.42,3,12,1,0,1
1879.84,6,1,89,0,0
12494.59,6,19,10,0,1
2710.25,8,2,26,0,0
11942.89,10,10,14,0,1
6742.51,8,16,22,0,1
2323.84,16,4,55,1,0
1893.01,21,4,63,0,0
1865.06,13,3,101,1,0
1097.56,2,1,86,0,0
6926.28,2,8,15,1,1
2013.05,15,1,57,0,0
1361.63,4,2,58,0,0
9972.8,3,19,9,0,1
9718.46,20,7,14,1,1
1661.8,6,1,30,0,0
2258.83,0,4,39,0,0
3655.81,20,10,12,1,1
14031.44,14,9,13,1,1
5738.26,5,12,6,1,1
11806.73,21,15,16,0,1
10643.37,11,6,17,1,1
1713.17,8,1,38,0,0
7406.85,13,11,7,1,1
9413.32,8,7,10,1,1
2516.23,8,1,109,0,0
2998.53,22,9,11,1,1
2319.3,7,3,63,0,0
12190.88,5,9,9,1,1
1569.79,11,3,58,0,0
2293.43,1,2,41,0,0
2155.63,5,4,115,0,0
14409.56,0,8,13,1,1
7263.0,18,8,1,1,1
11363.34,18,13,17,0,1
2345.07,3,1,97,0,0
1844.87,11,3,112,0,0
5414.35,14,5,2,0,1
8357.89,23,11,10,1,1
1551.37,17,1,94,0,0
2324.35,11,2,69,1,0
2076.86,23,2,19,0,0
1789.91,10,1,70,0,0
1260.74,7,1,103,0,0
7277.02,2,19,6,0,1
10243.11,18,9,17,1,1
1845.41,1,3,41,0,0
5433.3,6,18,1,0,1
2379.48,9,3,30,1,0
1677.44,23,2,34,0,0
2023.7,23,3,68,0,0
2426.22,7,4,33,0,0
2789.61,5,3,12,0,0
1991.79,17,1,66,0,0
7411.98,20,7,5,0,1
2140.5,14,4,111,0,0
11416.2,9,7,9,1,1
8718.47,11,10,8,1,1
9327.87,1,18,18,0,1
2253.64,21,3,54,0,0
8501.42,17,17,1,0,1
1468.85,0,3,115,0,0
2032.88,10,12,11,1,1
3012.12,12,7,7,1,1
11686.52,7,17,22,0,1
9017.16,20,9,14,1,1
2235.73,2,3,19,0,0
2479.64,9,2,18,0,0
3037.7,1,1,97,1,0
3222.88,0,3,109,0,0
3775.69,16,9,18,1,1
7901.93,15,14,11,1,1
1845.39,8,1,119,0,0
6777.35,9,13,11,1,1
13491.18,16,16,1,1,1
3360.08,4,1,27,0,0
1193.64,5,2,43,0,0
13113.36,6,6,1,0,1
10596.68,12,12,3,1,1
2328.28,10,3,57,0,0
1536.53,15,3,106,0,0
2357.0,4,4,27,1,0
1974.55,4,17,11,1,1
5898.04,21,7,8,1,1
11942.46,3,14,16,1,1
2362.88,21,2,54,0,0
2214.81,18,3,14,0,0
6991.03,8,11,3,1,1
1942.94,19,16,23,0,1
4135.38,11,6,8,1,1
1807.72,0,4,42,0,0
2150.77,5,2,75,0,0
5261.41,18,9,12,1,1
9497.27,4,16,17,1,1
1717.96,5,3,78,0,0
2065.37,5,2,99,0,0
4402.59,8,5,20,0,1
9326.24,1,10,14,0,1
2090.93,5,3,106,0,0
2235.71,20,4,81,0,0
12805.84,10,12,1,1,1
9215.12,14,9,3,1,1
3654.23,12,15,1,1,1
2285.3,7,4,106,0,0
10026.23,16,6,2,1,1
1676.71,20,3,90,1,0
3539.44,8,1,78,0,0
13074.81,4,12,16,0,1
2095.55,11,2,94,0,0
1783.72,12,1,80,1,0
258.89,17,16,11,1,1
1444.71,3,1,82,0,0
1774.97,23,1,113,0,0
11200.16,18,15,1,0,1
1486.74,12,1,87,1,0
9989.3,21,15,19,1,1
9618.42,8,5,19,1,1
9951.38,21,11,9,1,1
1066.37,22,3,66,1,0
11495.37,4,10,4,1,1
7212.38,5,6,19,0,1
2060.15,15,2,92,0,0
1647.83,0,1,21,1,0
2764.78,14,2,50,0,0
10389.73,11,16,14,0,1
8533.13,12,5,16,1,1
1381.09,0,3,20,0,0
1661.42,10,2,48,0,0
2954.71,5,3,43,1,0
3080.87,12,14,15,1,1
7678.54,6,6,4,1,1
1712.18,12,1,35,0,0
1260.71,19,1,44,0,0
6082.85,17,15,8,1,1
2940.58,13,1,13,0,0
1674.68,1,4,116,1,0
1540.67,16,1,92,0,0
8872.22,1,11,4,1,1
5902.05,6,18,7,0,1
1186.23,15,3,118,0,0
1719.91,10,2,69,0,0
10970.58,7,15,2,1,1
6877.82,5,5,16,0,1
2438.68,12,3,40,0,0
2941.01,8,1,24,0,0
2085.43,15,1,71,1,0
9956.37,12,19,19,1,1
7536.16,20,19,16,0,1
1942.18,3,2,22,0,0
2295.33,0,4,79,0,0
4531.05,1,15,19,1,1
1571.96,9,1,27,0,0
2111.88,17,15,17,0,1
4662.11,2,17,13,1,1
1530.06,2,4,18,0,0
12986.23,18,14,13,1,1
1428.51,1,2,89,0,0
2434.8,1,1,29,0,0
2120.98,17,1,109,0,0
12350.58,6,15,22,1,1
6932.95,13,9,1,0,1
8791.78,0,15,12,1,1
9311.69,15,10,3,0,1
11556.11,5,15,4,1,1
2041.14,20,4,96,1,0
2244.69,6,4,114,1,0
1023.96,21,4,45,0,0
2897.28,20,2,60,0,0
2014.16,5,2,47,0,0
2073.36,4,2,25,0,0
2303.95,13,4,24,0,0
3961.59,1,18,3,0,1
3129.4,1,12,4,1,1
2024.26,21,4,119,0,0
8497.2,11,9,7,0,1
1991.15,16,10,15,0,1
8959.66,18,7,10,1,1
7766.02,20,13,15,1,1
1634.53,17,3,92,0,0
1982.64,12,4,32,0,0
1789.51,8,2,49,0,0
2164.79,19,17,15,1,1
2200.86,9,1,67,1,0
6209.03,6,13,18,1,1
5467.65,11,15,13,1,1
1749.12,14,4,46,0,0
2487.56,12,2,53,0,0
1295.77,12,4,70,0,0
2420.32,15,1,50,0,0
11186.05,4,14,20,0,1
6334.96,7,6,8,1,1
9690.38,19,19,7,1,1
1936.04,3,2,116,0,0
1374.23,5,1,23,0,0
1789.68,0,3,24,0,0
7185.63,21,10,1,1,1
2022.79,10,4,43,0,0
8596.99,10,13,22,0,1
2832.74,23,4,104,0,0
2380.21,17,1,90,0,0
4014.26,9,5,12,1,1
1734.87,6,3,18,0,0
11144.63,6,6,6,1,1
7227.62,21,18,21,1,1
4939.1,22,11,18,1,1
6016.47,5,19,5,0,1
10830.7,5,5,3,1,1
2373.13,0,1,60,0,0
10354.97,12,9,16,0,1
1653.55,0,4,81,0,0
3675.44,12,19,20,1,1
10373.09,0,8,7,0,1
2043.29,19,4,38,0,0
1292.31,14,4,80,0,0
2212.73,18,1,25,1,0
2307.08,12,1,43,0,0
2187.85,8,3,39,0,0
10302.43,12,10,3,1,1
1202.79,8,4,85,0,0
1846.11,2,1,76,0,0
1950.41,3,2,93,0,0
1320.07,2,1,108,0,0
2037.9,11,4,23,0,0
1293.85,6,3,115,0,0
13041.49,5,16,5,1,1
1381.52,9,2,19,0,0
12167.49,15,14,3,1,1
10068.29,1,17,10,1,1
2515.5,21,2,30,0,0
6148.59,1,12,9,1,1
2297.58,4,4,22,0,0
2138.35,19,2,45,0,0
4662.27,1,14,13,1,1
8566.54,9,5,16,1,1
1640.08,22,2,16,0,0
3926.37,19,1,41,0,0
1674.08,7,4,71,1,0
10038.54,4,5,23,1,1
2190.1,7,1,21,0,0
2098.26,12,4,44,1,0
2271.68,15,3,115,0,0
1487.81,20,4,29,0,0
11428.43,12,7,4,1,1
10404.54,19,5,10,0,1
9841.88,21,13,2,1,1
4292.49,16,14,12,1,1
8790.71,9,16,14,1,1
2303.0,17,2,52,1,0
12719.18,4,9,6,1,1
2683.44,2,1,56,0,0
8397.01,8,6,6,1,1
3061.08,4,3,93,0,0
2393.54,14,1,15,0,0
6134.9,7,8,19,1,1
10358.88,17,7,2,1,1
8655.04,16,16,17,0,1
1849.45,12,2,114,0,0
4267.47,23,12,2,1,1
905.29,8,9,23,1,1
2202.49,13,4,42,0,0
2838.22,5,2,105,0,0
4981.19,9,7,13,1,1
2977.44,9,14,9,1,1
8545.02,5,11,13,1,1
2130.53,17,2,49,1,0
1946.48,16,4,23,1,0
6028.55,17,6,4,0,1
2034.28,4,3,37,1,0
11055.07,22,9,6,0,1
6999.13,9,16,20,0,1
8308.86,21,7,19,1,1
3280.04,4,3,117,0,0
2256.63,6,4,56,1,0
5568.31,18,5,10,1,1
2589.72,12,1,65,0,0
6847.29,13,19,4,0,1
9372.55,17,5,23,1,1
1688.43,22,3,116,0,0
3439.47,21,18,10,0,1
11418.14,16,13,1,1,1
6668.42,8,18,20,0,1
6494.81,13,17,17,0,1
8171.41,23,15,11,0,1
11099.22,7,14,12,1,1
2876.14,5,3,78,0,0
9851.72,7,15,10,1,1
6631.68,15,11,16,0,1
11733.59,16,9,8,0,1
1040.61,13,2,54,1,0
-675.5,2,12,22,0,1
1509.25,5,4,80,0,0
2900.47,3,3,97,0,0
7422.45,5,15,20,1,1
8519.91,0,11,20,1,1
5737.38,3,12,5,1,1
1889.52,11,3,35,0,0
1268.24,2,4,30,0,0
10036.53,8,16,20,1,1
1836.99,0,3,93,1,0
2353.88,22,2,34,0,0
2040.94,20,4,42,0,0
2730.92,11,14,4,1,1
2487.77,9,4,63,0,0
1620.43,3,3,65,0,0
7523.19,17,7,22,1,1
2463.09,1,2,26,0,0
2356.5,13,1,101,0,0
11345.5,1,12,12,1,1
5006.13,14,18,19,0,1
10649.14,19,19,5,1,1
2257.22,16,1,111,1,0
11290.1,5,17,4,1,1
2017.63,18,3,88,0,0
5009.55,9,5,20,0,1
2406.75,15,1,96,0,0
1832.11,10,4,20,0,0
6011.06,1,11,2,0,1
1777.85,14,1,87,0,0
6306.87,8,6,1,0,1
1927.82,20,2,112,0,0
9713.74,10,5,21,1,1
11531.62,8,9,1,1,1
1845.23,14,4,79,0,0
1919.36,3,4,42,1,0
9960.88,2,15,7,1,1
1934.93,1,2,35,1,0
1470.26,12,9,9,1,1
2395.83,15,4,84,0,0
8634.37,1,15,5,0,1
8964.65,18,12,23,1,1
3452.87,13,11,14,0,1
12676.16,17,5,3,1,1
7467.74,3,12,11,1,1
2481.69,4,3,113,1,0
1993.88,13,3,94,0,0
4650.79,6,18,4,0,1
9363.09,13,15,11,0,1
8463.45,7,14,21,0,1
1437.26,13,3,70,0,0
9587.05,12,16,2,0,1
1325.91,1,1,37,0,0
7748.05,9,12,15,1,1
1137.54,7,1,111,0,0
9140.6,0,8,1,0,1
1741.98,16,3,24,1,0
1466.19,7,4,13,0,0
8140.31,12,6,8,1,1
1446.83,21,1,66,0,0
2144.89,20,2,73,0,0
10667.52,11,16,15,1,1
1972.21,0,4,119,0,0
5985.31,2,15,18,0,1
3778.87,9,11,2,1,1
2166.83,15,4,67,0,0
2752.0,3,3,111,1,0
2567.78,12,2,24,0,0
1507.14,9,3,66,0,0
2112.68,13,18,3,1,1
10609.81,14,18,3,1,1
10759.12,1,5,17,1,1
10889.89,8,9,15,0,1
1942.63,11,4,74,0,0
1546.22,14,2,36,0,0
6588.02,11,7,17,1,1
6373.29,2,14,8,0,1
2013.44,5,3,93,0,0
1926.47,20,2,28,0,0
1510.81,9,3,32,0,0
5301.88,18,13,6,0,1
2064.05,23,4,105,0,0
1877.13,18,1,112,1,0
1558.07,17,1,78,0,0
2703.25,22,10,15,0,1
651.56,18,2,39,1,0
10526.12,22,10,20,0,1
9697.15,16,15,23,0,1
8526.48,11,14,13,1,1
8395.01,6,10,14,0,1
2162.08,4,4,44,0,0
1807.46,5,3,23,0,0
11166.61,15,19,19,0,1
2054.7,15,4,118,0,0
1648.97,18,4,108,0,0
1424.5,2,3,19,0,0
7034.26,22,10,16,1,1
8743.43,15,14,11,1,1
5139.74,12,5,6,1,1
2153.65,16,1,87,0,0
9027.05,20,8,5,1,1
2720.64,13,4,61,0,0
8031.03,18,18,17,1,1
7718.96,14,9,8,0,1
1945.62,15,3,65,1,0
7109.68,2,7,7,0,1
10267.7,3,11,21,1,1
10200.36,4,15,20,1,1
12992.94,15,16,11,1,1
1776.78,1,1,73,0,0
10158.05,6,13,14,1,1
7276.39,18,14,18,1,1
1055.23,3,2,24,0,0
1698.01,5,1,49,1,0
11716.09,1,12,18,0,1
8024.84,23,10,9,1,1
2093.38,17,4,79,0,0
11290.12,13,11,13,1,1
1288.87,11,3,88,0,0
959.04,20,2,76,1,0
9540.71,1,18,15,1,1
1693.61,6,3,52,0,0
2410.95,23,3,62,0,0
1601.55,0,1,86,0,0
1744.99,19,1,70,0,0
2791.71,8,18,5,1,1
8727.04,10,16,18,1,1
2340.98,20,2,24,0,0
2677.82,2,1,30,0,0
1408.37,1,3,27,0,0
4979.08,8,18,4,0,1
9585.55,7,6,16,0,1
4167.39,8,6,23,0,1
2322.69,17,2,71,0,0
2168.8,0,3,72,1,0
2923.32,14,3,91,0,0
3286.68,8,1,66,0,0
11500.66,11,18,20,1,1
6843.85,17,10,14,0,1
1966.96,4,3,99,0,0
1979.92,13,3,80,0,0
13282.97,19,17,9,1,1
7288.16,4,8,14,1,1
4761.61,6,19,22,1,1
4777.08,3,16,15,1,1
2185.57,11,4,61,1,0
2571.41,21,1,87,0,0
5092.17,6,17,8,0,1
2191.2,11,1,113,0,0
15202.23,4,15,19,0,1
2982.36,13,2,111,1,0
1496.99,3,4,58,0,0
7799.12,22,13,17,1,1
10764.24,19,7,16,1,1
1734.5,2,1,92,0,0
10311.92,15,5,22,1,1
8507.0,18,6,13,1,1
7068.33,2,5,5,0,1
9572.98,20,7,10,1,1
2180.82,20,2,99,0,0
10620.98,16,8,14,0,1
4718.26,9,19,15,1,1
2176.03,4,2,38,0,0
5363.64,11,7,18,1,1
11635.17,14,6,22,1,1
2435.56,8,4,73,0,0
11544.08,4,12,2,1,1
8683.79,20,12,10,0,1
10454.38,18,5,9,1,1
1928.81,23,2,97,1,0
8170.23,7,8,1,1,1
7220.46,17,10,21,1,1
11985.17,23,6,18,0,1
2597.52,3,1,85,0,0
2236.62,20,1,113,0,0
2204.13,20,2,89,0,0
1832.75,0,4,98,0,0
1284.61,2,2,77,0,0
9042.77,22,18,2,1,1
2121.67,21,2,86,0,0
11717.04,13,5,9,1,1
2638.83,9,4,71,0,0
2221.91,0,2,90,0,0
9350.8,16,11,6,1,1
1550.79,23,3,110,0,0
1828.66,4,1,12,0,0
10029.94,17,8,7,0,1
1746.53,3,3,29,0,0
2501.77,16,4,73,1,0
1814.28,6,1,43,0,0
3844.23,8,8,14,0,1
11776.65,21,19,13,1,1
10676.75,15,18,15,1,1
2288.28,0,3,15,0,0
2246.66,14,3,72,0,0
9137.65,5,13,4,0,1
1773.85,23,4,95,0,0
2286.29,0,3,28,0,0
2249.0,6,2,99,1,0
8863.6,18,19,21,0,1
2091.67,23,4,39,0,0
12351.44,20,15,13,1,1
2843.57,5,3,55,0,0
11659.13,0,18,10,1,1
1951.64,12,4,109,0,0
10390.95,16,9,18,0,1
5234.15,0,19,18,1,1
10121.14,1,6,10,1,1
1618.37,19,4,39,0,0
11508.18,23,14,21,1,1
3217.01,21,16,21,1,1
1287.63,3,3,48,0,0
10112.53,14,6,4,1,1
11927.43,18,11,18,1,1
2043.52,17,1,64,1,0
2723.49,13,2,68,0,0
1712.09,7,4,108,0,0
2417.85,5,2,37,0,0
2373.65,2,4,98,0,0
1714.41,22,2,85,0,0
9912.06,16,6,19,1,1
9680.71,19,11,16,0,1
12333.46,14,16,10,0,1
10584.9,22,7,4,1,1
1958.92,21,2,17,0,0
2108.23,22,1,31,0,0
5266.48,13,6,16,1,1
1767.14,8,2,24,0,0
2305.29,13,4,51,0,0
9434.61,6,16,2,1,1
3338.5,17,11,6,1,1
1876.41,18,4,116,0,0
5246.44,9,15,18,1,1
10433.27,4,13,9,0,1
1903.82,4,1,53,0,0
3227.65,23,4,62,0,0
3824.16,2,8,14,1,1
2146.54,10,2,74,0,0
11877.0,8,5,2,1,1
1634.82,22,3,63,1,0
2273.55,13,4,100,0,0
11275.67,21,10,6,0,1
1399.85,3,4,70,0,0
2462.01,22,2,69,0,0
1300.72,16,2,39,0,0
9654.18,10,9,16,0,1
1922.16,1,4,109,0,0
1842.37,17,4,64,0,0
8266.74,11,10,2,1,1
3690.37,12,5,16,1,1
2029.61,22,4,83,0,0
2164.38,3,1,84,0,0
2589.65,17,2,65,1,0
2163.07,20,4,76,1,0
10728.95,12,11,12,1,1
7965.83,0,7,13,0,1
1972.23,2,3,53,1,0
7388.48,3,7,10,0,1
12745.1,4,17,18,0,1
5197.56,18,17,21,1,1
10139.66,7,17,15,0,1
3378.99,11,6,2,1,1
9787.36,3,12,5,0,1
6325.37,1,17,18,1,1
1540.29,11,3,41,0,0
2178.56,20,1,62,1,0
2496.83,20,18,3,1,1
1743.07,6,4,107,0,0
7679.97,15,11,15,0,1
6249.31,17,10,18,0,1
2436.23,18,3,94,0,0
2128.01,8,4,95,1,0
14311.2,20,7,11,1,1
5572.14,16,13,8,1,1
1674.2,9,4,25,0,0
2135.79,10,1,97,0,0
14182.47,3,11,9,1,1
1756.2,17,3,57,1,0
7602.07,1,11,23,1,1
2257.52,22,2,76,0,0
142.27,22,6,9,1,1
1352.46,5,4,55,0,0
7963.96,15,8,8,0,1
2170.88,6,4,76,1,0
8027.13,1,5,11,1,1
1711.55,19,4,57,0,0
2926.14,17,1,47,0,0
1748.97,10,2,83,0,0
10405.49,20,16,16,1,1
2383.72,8,3,103,0,0
1977.21,23,2,64,0,0
1768.29,6,4,110,0,0
7090.31,21,15,12,0,1
2633.46,5,2,87,1,0
2256.89,11,2,28,0,0
4916.19,23,14,2,1,1
2415.17,23,2,52,0,0
1882.92,10,3,114,0,0
8606.87,21,8,10,0,1
13035.73,1,16,11,0,1
2101.73,1,2,109,0,0
11844.18,12,18,6,0,1
1493.95,11,1,95,0,0
4773.73,1,12,2,1,1
8392.62,6,8,2,1,1
2055.46,21,4,96,0,0
1377.67,17,2,93,0,0
1224.67,4,1,19,0,0
9162.3,6,15,17,1,1
6836.6,22,11,10,1,1
1983.44,1,1,74,0,0
2885.4,7,2,60,0,0
11933.47,3,12,9,0,1
6063.46,23,10,11,1,1
5857.26,12,8,4,1,1
1538.92,1,1,100,0,0
1738.57,1,3,43,0,0
8460.65,17,12,17,0,1
2009.22,7,3,58,0,0
2288.54,20,2,65,0,0
2515.92,8,2,111,0,0
2314.81,11,3,48,0,0
1525.3,7,4,51,0,0
8679.38,2,14,22,0,1
6665.32,4,12,1,0,1
10972.39,3,10,11,1,1
2739.97,2,2,101,0,0
10046.29,18,7,14,0,1
2600.61,10,4,89,0,0
5048.62,6,18,4,1,1
5017.17,2,9,22,0,1
11992.42,18,19,23,1,1
1308.6,11,3,86,1,0
674.52,3,4,20,0,0
1687.59,1,1,114,0,0
1043.36,11,1,22,0,0
1420.82,21,1,104,0,0
1580.14,9,4,55,1,0
7033.96,23,6,16,0,1
3076.59,6,1,47,0,0
8781.55,20,17,22,1,1
1309.95,4,2,38,0,0
8215.29,0,15,8,0,1
7394.54,21,10,18,1,1
2305.19,7,2,101,0,0
3851.2,22,10,9,1,1
3157.33,0,4,92,0,0
9380.77,1,10,6,0,1
3005.1,21,3,17,1,0
9280.48,9,14,10,1,1
10134.55,1,17,13,1,1
2507.19,8,4,19,0,0
9413.22,20,15,21,0,1
4239.83,0,12,19,0,1
1807.34,22,3,22,0,0
1803.33,15,3,99,0,0
1741.19,14,4,87,0,0
8924.26,1,8,15,0,1
2093.23,7,2,35,0,0
1867.67,8,2,113,0,0
4909.08,5,16,14,1,1
5685.59,17,17,21,1,1
12974.62,3,18,11,0,1
8206.59,16,7,3,1,1
13601.11,19,10,18,0,1
1592.09,14,1,88,0,0
11319.91,3,11,4,1,1
7022.82,9,11,1,1,1
1148.71,9,1,15,0,0
2355.48,21,2,29,0,0
11447.78,0,5,2,1,1
2012.26,10,2,20,0,0
5041.02,20,13,22,0,1
5593.39,0,14,3,1,1
12303.62,3,12,3,0,1
1547.84,18,1,58,0,0
11393.45,13,17,22,1,1
6816.12,11,5,8,0,1
1875.52,0,4,36,0,0
2032.14,21,2,21,0,0
2097.04,8,3,110,0,0
2924.48,10,2,99,0,0
2127.21,3,2,107,0,0
2748.02,1,4,17,1,0
2236.92,21,1,20,0,0
14768.82,2,12,16,0,1
2002.56,7,2,78,0,0
1889.52,6,1,84,0,0
7453.78,5,14,11,1,1
14792.77,3,13,12,1,1
2340.75,9,1,49,0,0
2104.19,20,2,74,0,0
1704.21,1,2,102,0,0
9664.82,11,6,17,1,1
6133.62,3,9,15,0,1
3791.77,22,7,19,1,1
1908.01,17,4,82,0,0
13070.07,19,12,17,1,1
2676.94,21,2,55,1,0
1681.13,20,3,47,0,0
4709.64,21,11,1,1,1
1489.38,15,2,18,0,0
2206.39,16,3,86,0,0
1296.27,3,1,116,0,0
1522.23,12,3,40,0,0
1591.53,7,3,72,0,0
2477.0,19,2,32,0,0
3030.37,3,1,40,0,0
2236.8,7,2,82,0,0
1761.17,5,1,110,0,0
1654.05,9,1,23,0,0
9601.24,1,16,18,1,1
8815.39,0,11,7,0,1
13367.94,4,18,6,0,1
4457.29,22,7,10,1,1
1583.82,17,4,50,0,0
2009.21,22,2,14,0,0
4965.73,9,14,7,1,1
2932.89,0,2,34,0,0
2312.83,19,3,77,0,0
2583.89,13,1,26,0,0
3071.97,17,3,61,0,0
1952.35,9,4,17,0,0
1500.82,13,1,79,0,0
12857.03,22,7,1,1,1
2310.34,4,4,81,1,0
5632.58,8,12,11,1,1
10063.7,12,6,22,0,1
15001.27,21,13,11,1,1
11487.37,17,19,11,1,1
1737.74,2,1,110,1,0
9274.27,4,19,16,1,1
6393.73,20,16,17,0,1
1741.36,11,1,32,0,0
9540.65,15,12,20,1,1
2057.84,9,2,23,0,0
2492.16,17,3,59,0,0
6972.27,15,8,22,1,1
2087.29,9,2,33,0,0
7338.46,14,18,14,1,1
2197.23,1,3,17,0,0
2006.3,16,4,98,0,0
7828.73,23,6,23,0,1
2775.58,6,3,28,0,0
2725.57,11,2,19,1,0
1610.85,19,3,51,0,0
1762.53,0,1,19,0,0
2106.99,5,1,111,0,0
2097.92,5,1,16,0,0
4576.13,12,11,6,1,1
6357.11,22,17,9,0,1
2240.5,13,4,91,0,0
1881.59,7,3,36,0,0
1580.39,23,3,59,0,0
1588.89,14,4,52,0,0
2129.86,22,3,60,0,0
1723.18,6,1,91,0,0
6067.15,8,9,20,1,1
3135.35,9,4,22,0,0
8170.86,10,7,15,0,1
2135.23,3,2,117,0,0
1738.64,6,1,31,0,0
7954.61,17,14,9,0,1
1623.13,23,4,25,0,0
9245.46,14,14,10,1,1
7327.31,10,18,22,0,1
2169.25,11,1,86,0,0
2720.06,22,1,116,0,0
6744.59,15,13,5,1,1
1890.45,21,4,104,1,0
11695.3,9,14,11,1,1
2098.43,18,3,58,0,0
4584.54,22,7,7,1,1
1728.29,6,1,119,0,0
2633.03,0,6,20,0,1
7815.34,7,13,23,0,1
2206.47,22,4,114,0,0
8967.25,5,16,22,0,1
5834.64,10,10,22,1,1
1275.99,1,4,33,0,0
4369.79,17,6,10,1,1
1165.3,16,2,83,0,0
2769.02,4,2,38,0,0
10477.18,6,11,10,1,1
1700.3,23,2,32,0,0
7546.92,1,6,2,0,1
10575.86,16,13,4,1,1
2532.74,3,2,65,0,0
1275.96,14,3,119,0,0
2414.7,10,3,19,1,0
7800.4,8,14,14,1,1
1824.24,17,1,105,0,0
2822.48,8,3,97,1,0
2378.49,2,1,112,0,0
1891.16,2,3,21,1,0
9507.34,1,14,19,1,1
1545.31,23,3,35,0,0
1590.89,14,1,28,0,0
2390.91,15,1,115,0,0
1865.56,23,3,115,0,0
9254.3,9,16,5,1,1
9626.9,21,7,16,1,1
14036.1,13,8,11,1,1
1435.47,19,4,46,0,0
2122.48,14,2,58,0,0
1359.79,12,3,116,0,0
5894.5,2,11,8,0,1
2166.16,18,1,14,1,0
11077.75,23,14,9,1,1
10153.38,9,13,1,1,1
2252.49,7,2,15,0,0
11951.85,0,7,20,1,1
1726.57,13,2,104,0,0
16245.93,16,15,16,0,1
10858.04,6,19,8,1,1
1659.47,4,1,58,0,0
7516.82,16,19,20,1,1
8027.68,15,16,10,0,1
2121.84,20,3,110,0,0
5131.17,3,16,15,1,1
1242.58,16,4,77,0,0
1608.37,3,2,78,0,0
6443.96,4,18,12,0,1
8437.68,5,10,7,1,1
6490.53,16,9,9,1,1
4947.78,4,17,11,1,1
4208.88,4,10,13,1,1
2635.78,17,2,31,0,0
2142.93,11,3,84,0,0
1384.57,14,3,36,0,0
8065.64,10,14,14,1,1
10260.38,14,16,21,1,1
2104.43,12,2,22,0,0
7942.41,2,16,7,1,1
8650.72,13,5,22,0,1
2484.32,18,1,92,0,0
1611.09,19,1,104,0,0
8728.81,22,5,19,1,1
9942.23,6,6,21,1,1
6253.08,8,7,9,1,1
7028.24,2,18,11,1,1
1240.32,1,1,86,0,0
9941.8,4,7,9,1,1
3765.3,5,6,10,0,1
2061.0,18,3,35,0,0
5622.89,4,17,1,1,1
2551.65,16,1,80,0,0
6386.98,8,17,16,0,1
2406.76,22,4,47,0,0
9784.34,21,16,2,0,1
1744.39,20,4,105,1,0
1863.64,4,3,103,0,0
8387.41,1,9,1,0,1
7813.67,3,17,23,1,1
8331.11,6,8,15,1,1
9234.19,20,8,3,1,1
5195.96,5,16,4,1,1
1976.14,13,1,30,0,0
1359.85,23,2,27,0,0
1967.12,16,3,55,0,0
2428.83,1,1,112,0,0
8553.69,13,16,14,0,1
1884.53,9,2,54,0,0
2279.9,3,2,18,0,0
1803.95,11,2,83,0,0
8464.09,13,6,6,0,1
3941.81,4,18,20,1,1
2314.17,5,4,95,0,0
1812.59,4,1,28,0,0
2167.23,10,3,24,1,0
1975.27,19,1,36,1,0
5781.95,1,17,18,1,1
2199.57,16,1,104,0,0
4497.5,3,13,5,0,1
8078.98,13,8,5,1,1
4096.03,5,12,15,1,1
6694.51,4,12,8,1,1
9303.9,2,13,13,1,1
6428.3,15,10,2,1,1
7186.38,6,12,10,1,1
6057.28,4,11,22,1,1
5810.18,4,10,2,1,1
7237.26,17,15,16,1,1
2139.51,20,4,115,0,0
1401.06,23,3,54,0,0
2411.03,16,1,110,0,0
2124.11,17,3,39,0,0
2183.3,1,1,17,0,0
2285.45,22,2,64,1,0
2111.94,19,2,77,0,0
2413.59,17,1,56,0,0
2563.28,17,3,53,0,0
7397.62,10,16,22,1,1
4968.14,12,5,13,1,1
1404.35,19,3,45,1,0
2036.66,19,3,104,0,0
1495.96,22,2,24,0,0
6807.46,5,10,21,1,1
11127.08,22,15,6,0,1
2375.69,11,3,64,1,0
7452.01,5,10,15,1,1
9107.1,5,14,4,1,1
2581.58,5,2,52,1,0
7476.81,14,15,21,1,1
1257.22,22,3,50,0,0
6746.49,12,19,7,1,1
2223.85,5,2,89,0,0
5436.27,3,7,19,0,1
6790.43,13,14,19,1,1
2432.88,13,3,88,0,0
2554.35,23,1,29,0,0
12867.91,4,12,20,1,1
9506.06,10,6,23,1,1
11004.41,3,15,17,0,1
5723.29,20,10,15,0,1
3306.25,13,16,14,0,1
7231.58,2,10,8,0,1
2048.06,7,2,98,0,0
5704.16,12,13,19,1,1
5625.85,10,5,19,0,1
1621.82,4,3,39,0,0
1705.32,14,4,24,0,0
2809.9,22,14,12,1,1
2603.25,14,4,45,0,0
7962.26,11,11,12,0,1
1942.73,20,3,58,0,0
1795.96,2,4,85,0,0
8117.46,22,18,12,1,1
2322.74,3,2,51,0,0
9703.27,15,18,6,0,1
7497.73,21,15,18,0,1
5053.28,11,8,2,0,1
10122.88,11,15,1,0,1
2239.49,2,1,59,0,0
7305.55,21,19,4,1,1
2540.39,10,3,114,0,0
11989.99,17,18,23,1,1
2938.09,21,1,111,0,0
2194.31,23,16,19,0,1
5612.93,6,11,12,1,1
8057.28,23,13,11,1,1
2165.63,2,1,119,0,0
7449.54,19,16,21,0,1
2014.88,14,2,52,0,0
2897.94,13,4,45,0,0
1648.41,22,4,45,0,0
1757.88,17,4,116,0,0
2206.72,17,4,98,0,0
2574.64,0,3,78,0,0
2395.52,13,4,52,0,0
2316.39,16,2,61,0,0
2260.97,11,4,71,1,0
1714.63,14,2,107,1,0
1818.19,19,3,62,1,0
